[
  {"id":8,"created_at":"2020-09-20 06:07:48","updated_at":"2020-09-20 06:07:48","deleted_at":null,"name":"Santos","is_active":true,"state_id":26},
  {"id":12,"created_at":"2020-09-20 06:27:52","updated_at":"2020-09-20 06:27:52","deleted_at":null,"name":"Mauá","is_active":true,"state_id":26},
  {"id":16,"created_at":"2020-09-20 06:47:51","updated_at":"2020-09-20 06:47:51","deleted_at":null,"name":"São José dos Campos","is_active":true,"state_id":26},
  {"id":18,"created_at":"2020-09-20 07:04:22","updated_at":"2020-09-20 07:04:22","deleted_at":null,"name":"Itanhaém","is_active":true,"state_id":26},
  {"id":20,"created_at":"2020-09-20 07:11:44","updated_at":"2020-09-20 07:11:44","deleted_at":null,"name":"Mongaguá","is_active":true,"state_id":26},
  {"id":21,"created_at":"2020-09-20 07:14:17","updated_at":"2020-09-20 07:14:17","deleted_at":null,"name":"Jandira","is_active":true,"state_id":26},
  {"id":22,"created_at":"2020-09-20 07:14:35","updated_at":"2020-09-20 07:14:35","deleted_at":null,"name":"São Vicente","is_active":true,"state_id":26},
  {"id":24,"created_at":"2020-09-20 07:47:55","updated_at":"2020-09-20 07:47:55","deleted_at":null,"name":"Jundiaí","is_active":true,"state_id":26},
  {"id":25,"created_at":"2020-09-20 08:05:30","updated_at":"2020-09-20 08:05:30","deleted_at":null,"name":"Curitiba","is_active":true,"state_id":18},
  {"id":28,"created_at":"2020-09-20 08:46:24","updated_at":"2020-09-20 08:46:24","deleted_at":null,"name":"Indaiatuba","is_active":true,"state_id":26},
  {"id":30,"created_at":"2020-09-20 09:07:51","updated_at":"2020-09-20 09:07:51","deleted_at":null,"name":"Campos do Jordão","is_active":true,"state_id":26},
  {"id":32,"created_at":"2020-09-20 09:41:56","updated_at":"2020-09-20 09:41:56","deleted_at":null,"name":"Bertioga","is_active":true,"state_id":26},
  {"id":33,"created_at":"2020-09-20 09:43:34","updated_at":"2020-09-20 09:43:34","deleted_at":null,"name":"Piracicaba","is_active":true,"state_id":26},
  {"id":34,"created_at":"2020-09-20 09:57:35","updated_at":"2020-09-20 09:57:35","deleted_at":null,"name":"Sorocaba","is_active":true,"state_id":26},
  {"id":35,"created_at":"2020-09-20 10:09:39","updated_at":"2020-09-20 10:09:39","deleted_at":null,"name":"Americana","is_active":true,"state_id":26},
  {"id":36,"created_at":"2020-10-28 14:43:15","updated_at":"2020-10-28 14:43:15","deleted_at":null,"name":"Cajamar","is_active":true,"state_id":26},
  {"id":38,"created_at":"2020-10-30 18:35:45","updated_at":"2020-10-30 18:35:45","deleted_at":null,"name":"Praia Grande","is_active":true,"state_id":26},
  {"id":39,"created_at":"2020-11-26 20:25:13","updated_at":"2020-11-26 20:25:13","deleted_at":null,"name":"Caraguatatuba","is_active":true,"state_id":26},
  {"id":40,"created_at":"2020-11-27 18:58:23","updated_at":"2020-11-27 18:58:23","deleted_at":null,"name":"Criciúma","is_active":true,"state_id":24},
  {"id":42,"created_at":"2021-01-06 19:56:17","updated_at":"2021-01-06 19:56:17","deleted_at":null,"name":"Embu das Artes","is_active":true,"state_id":26},
  {"id":43,"created_at":"2021-03-18 12:56:05","updated_at":"2021-03-18 12:56:05","deleted_at":null,"name":"Salto","is_active":true,"state_id":26},
  {"id":47,"created_at":"2021-08-13 20:27:42","updated_at":"2021-08-13 20:27:42","deleted_at":null,"name":"Sarapuí","is_active":true,"state_id":26},
  {"id":48,"created_at":"2021-08-16 12:37:54","updated_at":"2021-08-16 12:37:54","deleted_at":null,"name":"Rio de Janeiro","is_active":true,"state_id":19},
  {"id":49,"created_at":"2021-09-02 20:06:49","updated_at":"2021-09-02 20:06:49","deleted_at":null,"name":"Jacareí","is_active":true,"state_id":26},
  {"id":50,"created_at":"2021-09-22 15:50:15","updated_at":"2021-09-22 15:50:15","deleted_at":null,"name":"Nova Iguaçu","is_active":true,"state_id":19},
  {"id":51,"created_at":"2021-10-05 03:45:12","updated_at":"2021-10-05 03:45:12","deleted_at":null,"name":"Cerquilho","is_active":true,"state_id":26},
  {"id":52,"created_at":"2021-10-05 14:41:51","updated_at":"2021-10-05 14:41:51","deleted_at":null,"name":"Paulínia","is_active":true,"state_id":26},
  {"id":53,"created_at":"2021-11-01 14:00:49","updated_at":"2021-11-01 14:00:49","deleted_at":null,"name":"Assis","is_active":true,"state_id":26},
  {"id":54,"created_at":"2021-11-04 15:12:35","updated_at":"2021-11-04 15:12:35","deleted_at":null,"name":"Itaguaí","is_active":true,"state_id":19},
  {"id":56,"created_at":"2022-03-25 01:53:59","updated_at":"2022-03-25 01:53:59","deleted_at":null,"name":"Guarujá","is_active":true,"state_id":26},
  {"id":57,"created_at":"2022-07-08 17:15:56","updated_at":"2022-07-08 17:15:56","deleted_at":null,"name":"Valinhos","is_active":true,"state_id":26},
  {"id":58,"created_at":"2022-07-12 14:36:51","updated_at":"2022-07-12 14:36:51","deleted_at":null,"name":"Hortolândia","is_active":true,"state_id":26},
  {"id":59,"created_at":"2022-07-14 18:10:52","updated_at":"2022-07-14 18:10:52","deleted_at":null,"name":"Birigüi","is_active":true,"state_id":26},
  {"id":60,"created_at":"2022-07-14 18:33:29","updated_at":"2022-07-14 18:33:29","deleted_at":null,"name":"Monte Alegre do Sul","is_active":true,"state_id":26},
  {"id":61,"created_at":"2022-08-23 18:15:30","updated_at":"2022-08-23 18:15:30","deleted_at":null,"name":"Atibaia","is_active":true,"state_id":26},
  {"id":62,"created_at":"2022-09-12 16:47:07","updated_at":"2022-09-12 16:47:07","deleted_at":null,"name":"São Roque","is_active":true,"state_id":26},
  {"id":64,"created_at":"2022-10-10 17:52:55","updated_at":"2022-10-10 17:52:55","deleted_at":null,"name":"Florianópolis","is_active":true,"state_id":24},
  {"id":66,"created_at":"2022-11-23 16:26:20","updated_at":"2022-11-23 16:26:20","deleted_at":null,"name":"Santos André","is_active":true,"state_id":26},
  {"id":27,"created_at":"2020-09-20 08:42:24","updated_at":"2024-01-16 16:37:44.051174","deleted_at":null,"name":"Arujá","is_active":true,"state_id":26},
  {"id":7,"created_at":"2020-09-20 06:01:35","updated_at":"2024-02-15 13:37:37.724736","deleted_at":null,"name":"Cotia","is_active":true,"state_id":26},
  {"id":15,"created_at":"2020-09-20 06:41:55","updated_at":"2024-03-11 14:02:00.562506","deleted_at":null,"name":"Diadema","is_active":true,"state_id":26},
  {"id":31,"created_at":"2020-09-20 09:38:23","updated_at":"2024-03-31 02:26:17.118581","deleted_at":null,"name":"Carapicuíba","is_active":true,"state_id":26},
  {"id":4,"created_at":"2020-09-20 05:47:45","updated_at":"2024-03-14 13:03:02.108027","deleted_at":null,"name":"Santana de Parnaíba","is_active":true,"state_id":26},
  {"id":5,"created_at":"2020-09-20 05:58:34","updated_at":"2024-03-31 02:29:42.164815","deleted_at":null,"name":"Barueri","is_active":true,"state_id":26},
  {"id":69,"created_at":"2024-02-27 14:18:12.464904","updated_at":"2024-03-08 12:50:49.123562","deleted_at":null,"name":"Salvador","is_active":true,"state_id":5},
  {"id":29,"created_at":"2020-09-20 08:50:13","updated_at":"2024-03-14 18:02:26.31042","deleted_at":null,"name":"Itaquaquecetuba","is_active":true,"state_id":26},
  {"id":6,"created_at":"2020-09-20 06:00:27","updated_at":"2024-03-31 04:31:10.056764","deleted_at":null,"name":"Osasco","is_active":true,"state_id":26},
  {"id":41,"created_at":"2020-12-15 17:47:27","updated_at":"2024-03-27 22:19:16.375278","deleted_at":null,"name":"Itapevi","is_active":true,"state_id":26},
  {"id":37,"created_at":"2020-10-28 17:39:17","updated_at":"2024-03-18 19:09:08.532649","deleted_at":null,"name":"Poá","is_active":true,"state_id":26},
  {"id":10,"created_at":"2020-09-20 06:21:13","updated_at":"2024-04-01 04:51:59.900727","deleted_at":null,"name":"Santo André","is_active":true,"state_id":26},
  {"id":67,"created_at":"2023-08-31 18:14:46","updated_at":"2024-03-20 20:28:54.278737","deleted_at":null,"name":"Francisco Morato","is_active":true,"state_id":26},
  {"id":23,"created_at":"2020-09-20 07:42:17","updated_at":"2024-03-18 11:49:13.871211","deleted_at":null,"name":"Ribeirão Preto","is_active":true,"state_id":26},
  {"id":17,"created_at":"2020-09-20 06:48:05","updated_at":"2024-03-27 19:04:42.503877","deleted_at":null,"name":"Mogi das Cruzes","is_active":true,"state_id":26},
  {"id":26,"created_at":"2020-09-20 08:11:42","updated_at":"2024-04-02 11:55:50.494413","deleted_at":null,"name":"Suzano","is_active":true,"state_id":26},
  {"id":13,"created_at":"2020-09-20 06:30:44","updated_at":"2024-04-01 13:29:31.293021","deleted_at":null,"name":"Guarulhos","is_active":true,"state_id":26},
  {"id":14,"created_at":"2020-09-20 06:38:16","updated_at":"2024-03-28 22:51:44.977796","deleted_at":null,"name":"Taboão da Serra","is_active":true,"state_id":26},
  {"id":19,"created_at":"2020-09-20 07:09:50","updated_at":"2024-03-31 02:11:19.727863","deleted_at":null,"name":"Campinas","is_active":true,"state_id":26},
  {"id":11,"created_at":"2020-09-20 06:21:56","updated_at":"2024-04-02 17:17:12.559976","deleted_at":null,"name":"São Caetano do Sul","is_active":true,"state_id":26},
  {"id":9,"created_at":"2020-09-20 06:16:31","updated_at":"2024-08-21 18:01:41.257797","deleted_at":null,"name":"São Bernardo do Campo","is_active":true,"state_id":26},
  {"id":3,"created_at":"2020-09-20 05:45:17","updated_at":"2025-02-14 14:48:48.810057","deleted_at":null,"name":"São Paulo","is_active":true,"state_id":26}]