[
  {"id":1,"created_at":"2020-07-09 20:32:26","updated_at":"2020-07-09 20:32:26","deleted_at":null,"name":"Acre","code":"AC"},
  {"id":4,"created_at":"2020-07-09 20:32:26","updated_at":"2020-07-09 20:32:26","deleted_at":null,"name":"Amapá","code":"AP"},
  {"id":5,"created_at":"2020-07-09 20:32:26","updated_at":"2020-07-09 20:32:26","deleted_at":null,"name":"Bahia","code":"BA"},
  {"id":6,"created_at":"2020-07-09 20:32:26","updated_at":"2020-07-09 20:32:26","deleted_at":null,"name":"Ceará","code":"CE"},
  {"id":7,"created_at":"2020-07-09 20:32:26","updated_at":"2020-07-09 20:32:26","deleted_at":null,"name":"Distrito Federal","code":"DF"},
  {"id":8,"created_at":"2020-07-09 20:32:26","updated_at":"2020-07-09 20:32:26","deleted_at":null,"name":"Espírito Santo","code":"ES"},
  {"id":9,"created_at":"2020-07-09 20:32:26","updated_at":"2020-07-09 20:32:26","deleted_at":null,"name":"Goiás","code":"GO"},
  {"id":10,"created_at":"2020-07-09 20:32:26","updated_at":"2020-07-09 20:32:26","deleted_at":null,"name":"Maranhão","code":"MA"},
  {"id":11,"created_at":"2020-07-09 20:32:26","updated_at":"2020-07-09 20:32:26","deleted_at":null,"name":"Minas Gerais","code":"MG"},
  {"id":12,"created_at":"2020-07-09 20:32:26","updated_at":"2020-07-09 20:32:26","deleted_at":null,"name":"Mato Grosso do Sul","code":"MS"},
  {"id":13,"created_at":"2020-07-09 20:32:26","updated_at":"2020-07-09 20:32:26","deleted_at":null,"name":"Mato Grosso","code":"MT"},
  {"id":14,"created_at":"2020-07-09 20:32:26","updated_at":"2020-07-09 20:32:26","deleted_at":null,"name":"Pará","code":"PA"},
  {"id":15,"created_at":"2020-07-09 20:32:26","updated_at":"2020-07-09 20:32:26","deleted_at":null,"name":"Paraíba","code":"PB"},
  {"id":16,"created_at":"2020-07-09 20:32:26","updated_at":"2020-07-09 20:32:26","deleted_at":null,"name":"Pernambuco","code":"PE"},
  {"id":17,"created_at":"2020-07-09 20:32:26","updated_at":"2020-07-09 20:32:26","deleted_at":null,"name":"Piauí","code":"PI"},
  {"id":18,"created_at":"2020-07-09 20:32:26","updated_at":"2020-07-09 20:32:26","deleted_at":null,"name":"Paraná","code":"PR"},
  {"id":19,"created_at":"2020-07-09 20:32:26","updated_at":"2020-07-09 20:32:26","deleted_at":null,"name":"Rio de Janeiro","code":"RJ"},
  {"id":20,"created_at":"2020-07-09 20:32:26","updated_at":"2020-07-09 20:32:26","deleted_at":null,"name":"Rio Grande do Norte","code":"RN"},
  {"id":21,"created_at":"2020-07-09 20:32:26","updated_at":"2020-07-09 20:32:26","deleted_at":null,"name":"Rondônia","code":"RO"},
  {"id":22,"created_at":"2020-07-09 20:32:26","updated_at":"2020-07-09 20:32:26","deleted_at":null,"name":"Roraima","code":"RR"},
  {"id":23,"created_at":"2020-07-09 20:32:26","updated_at":"2020-07-09 20:32:26","deleted_at":null,"name":"Rio Grande do Sul","code":"RS"},
  {"id":24,"created_at":"2020-07-09 20:32:26","updated_at":"2020-07-09 20:32:26","deleted_at":null,"name":"Santa Catarina","code":"SC"},
  {"id":25,"created_at":"2020-07-09 20:32:26","updated_at":"2020-07-09 20:32:26","deleted_at":null,"name":"Sergipe","code":"SE"},
  {"id":26,"created_at":"2020-07-09 20:32:26","updated_at":"2020-07-09 20:32:26","deleted_at":null,"name":"São Paulo","code":"SP"},
  {"id":27,"created_at":"2020-07-09 20:32:26","updated_at":"2020-07-09 20:32:26","deleted_at":null,"name":"Tocantins","code":"TO"}]